iPad2,3
PC006,4
PC004,3
PC007,4
PC003,4
iPhone 1,10.719999999999999
Android2,10.15
Tablet1,10.719999999999999
Tablet 2,4
PC002,4
Android1,2
Android4,4
iPad1,4
PC008,4
PC009,4